{"initial_reset_timestamp": 82992898.16744378, "timestamps": [82992898.84520733], "episode_lengths": [1053], "episode_rewards": [-21.0], "episode_types": ["t"]}