{"initial_reset_timestamp": 82991454.61146873, "timestamps": [82991455.2289152], "episode_lengths": [1010], "episode_rewards": [-21.0], "episode_types": ["t"]}