{"initial_reset_timestamp": 82994456.06531546, "timestamps": [82994456.75170147], "episode_lengths": [1151], "episode_rewards": [-20.0], "episode_types": ["t"]}